{
  "samples": 3540,
  "domain": [
    0.0,
    0.066667,
    0.133333,
    0.2,
    0.266667,
    0.333333,
    0.4,
    0.466667,
    0.533333,
    0.6,
    0.666667,
    0.733333,
    0.8,
    0.866667,
    0.933333,
    1.0
  ],
  "max_abs_yaw": 179.407104,
  "max_abs_pitch": 90.0,
  "yaw_limit": [
    94.79203,
    57.097805,
    51.426901,
    40.146779,
    37.124772,
    35.113824,
    33.93676,
    30.841652,
    25.896323,
    27.291077,
    24.294501,
    28.885899,
    27.43693,
    27.204448,
    31.275466,
    48.501066
  ],
  "pitch_limit": [
    65.056823,
    59.595676,
    48.687378,
    51.886217,
    50.625596,
    45.662652,
    44.194113,
    42.394484,
    38.57268,
    38.033221,
    35.444023,
    33.028209,
    31.575719,
    32.156119,
    29.104389,
    27.642845
  ],
  "yaw_speed": [
    54.401588,
    31.97591,
    28.60208,
    21.891122,
    20.093219,
    18.896832,
    18.196554,
    16.35516,
    13.413002,
    14.242793,
    12.460019,
    15.191611,
    14.329566,
    14.191254,
    16.613252,
    26.861394
  ],
  "pitch_speed": [
    40.423478,
    36.902475,
    29.869494,
    31.931903,
    31.119134,
    27.919342,
    26.97252,
    25.812233,
    23.348175,
    23.000366,
    21.331015,
    19.77345,
    18.836977,
    19.211182,
    17.243619,
    16.301308
  ],
  "yaw_inertia": [
    0.392746,
    0.336896,
    0.328493,
    0.31178,
    0.307302,
    0.304323,
    0.302579,
    0.297993,
    0.290665,
    0.292732,
    0.288292,
    0.295095,
    0.292948,
    0.291603,
    0.298635,
    0.324158
  ],
  "pitch_inertia": [
    0.401728,
    0.387357,
    0.358651,
    0.367069,
    0.363752,
    0.350691,
    0.346827,
    0.342091,
    0.332033,
    0.330614,
    0.3238,
    0.317443,
    0.31362,
    0.315148,
    0.307117,
    0.303271
  ],
  "yaw_blend": [
    0.39171,
    0.327881,
    0.318278,
    0.299177,
    0.29406,
    0.290654,
    0.288661,
    0.28342,
    0.275046,
    0.277408,
    0.272334,
    0.280108,
    0.277655,
    0.276261,
    0.284155,
    0.313323
  ],
  "pitch_blend": [
    0.448683,
    0.431917,
    0.398426,
    0.408247,
    0.404377,
    0.38914,
    0.384631,
    0.379106,
    0.367372,
    0.365716,
    0.357767,
    0.35035,
    0.34589,
    0.347672,
    0.338303,
    0.333816
  ],
  "yaw_min_step": [
    2.564634,
    1.729635,
    1.604014,
    1.354138,
    1.287194,
    1.242648,
    1.216574,
    1.148011,
    1.038463,
    1.069359,
    1.002979,
    1.104688,
    1.07259,
    1.06744,
    1.157621,
    1.539201
  ],
  "pitch_min_step": [
    1.552099,
    1.451499,
    1.250557,
    1.309483,
    1.286261,
    1.194838,
    1.167786,
    1.134635,
    1.064234,
    1.054296,
    1.0066,
    0.962099,
    0.935342,
    0.946034,
    0.889818,
    0.862895
  ]
}